{
	"Name": "Puzzle Farm", 
	"TileSet":[
		{"PictureUrl":"images/tile1.png", "TopEdge": "1a", "RightEdge": "2b", "BottomEdge": "3b", "LeftEdge": "4a"}, 
		{"PictureUrl":"images/tile2.png", "TopEdge": "1b", "RightEdge": "3b", "BottomEdge": "1a", "LeftEdge": "2a"}, 
		{"PictureUrl":"images/tile3.png", "TopEdge": "4a", "RightEdge": "3b", "BottomEdge": "2b", "LeftEdge": "1a"}, 
		{"PictureUrl":"images/tile4.png", "TopEdge": "3a", "RightEdge": "4a", "BottomEdge": "4b", "LeftEdge": "2b"}, 
		{"PictureUrl":"images/tile5.png", "TopEdge": "3a", "RightEdge": "1b", "BottomEdge": "2b", "LeftEdge": "4a"}, 
		{"PictureUrl":"images/tile6.png", "TopEdge": "1a", "RightEdge": "2a", "BottomEdge": "4b", "LeftEdge": "3b"}, 
		{"PictureUrl":"images/tile7.png", "TopEdge": "4b", "RightEdge": "2b", "BottomEdge": "1a", "LeftEdge": "3a"}, 
		{"PictureUrl":"images/tile8.png", "TopEdge": "3a", "RightEdge": "1b", "BottomEdge": "2b", "LeftEdge": "4a"}, 
		{"PictureUrl":"images/tile9.png", "TopEdge": "4a", "RightEdge": "2a", "BottomEdge": "3b", "LeftEdge": "1b"}
	]
}